Keywords,
JOB OFFER,
Paid Internship,
Part Time Data Entry Job,
Part Time Job,
Work Remotely as a Research Assistant,
University of Buffalo Position,
EXCITING RESEARCH ASSISTANT POSITION,
EXCITING REMOTE RESEARCH INTERNSHIP,
REMOTE RESEARCH ASSISTANT OPPORTUNITY,
EXCITING REMOTE INTERNSHIP APPLICATION,
EXCITING RESEARCH INTERNSHIP OPPORTUNITY,
REMOTE RESEARCH INTERNSHIP APPLICATION,
RESEARCH INTERNSHIP APPLICATION,
STUDENT RESEARCH ASSISTANT OPPORTUNITY,
STUDENT REMOTE RESEARCH INTERNSHIP,
REMOTE RESEARCH ASSISTANT APPLICATION,
RESEARCH ASSISTANT OPPORTUNITY,
REMOTE RESEARCH INTERNSHIP OPPORTUNITY,
REMOTE INTERNSHIP OPPORTUNITY,
STUDENT REMOTE RESEARCH ASSISTANT POSITION,
STUDENT RESEARCH INTERNSHIP OPPORTUNITY,
EXCITING REMOTE RESEARCH OPPORTUNITY,
EXCITING REMOTE INTERNSHIP OPPORTUNITY,
RESEARCH INTERNSHIP OPPORTUNITY,
RESEARCH ASSISTANT APPLICATION,
EXCITING STUDENT INTERNSHIP OPPORTUNITY,
ASSISTANT RESEARCHER NEEDED,
STUDENT RESEARCHER NEEDED,
REMOTE RESEARCHER NEEDED,
welding,
welder,
Re: Work With Us,
